subject	candidate_id	n_voxels	volume_mm3	peak_pct_per_year	mean_pct_per_year	seed_voxels	parent_lesion_id	cx	cy	cz	concentricity	n_bands	constancy_residual	constancy_slope_pct_per_year	dt_years	n_followups
P27	1	107	107	45.475	30.366	104	1	47.439	131.67	116.75	5.751	2			1	1
P27	2	52	52	44.6	24.417	51	2	54.846	129.92	115.71	-3.3935	2			1	1
P27	3	50	50	27.05	19.685	47	5	59.28	97.8	74.76	0.55322	2			1	1
P27	4	52	52	27.05	13.163	27	6	66.077	118.54	111.79	-0.44225	2			1	1
P27	5	181	181	33.1	17.248	151	11	74.663	152.44	72.21	-0.41884	3			1	1
P27	6	72	72	39.15	27.49	72	14	86.014	86.486	34.472	3.7205	2			1	1
P27	7	15	15	15.5	7.77	1	18	107.2	97.6	98.467		1			1	1
P27	8	98	98	15.5	6.8954	3	18	106.11	105.19	100.39	1.1511	2			1	1
P27	9	22	22	21	12.043	9	25	135	117.36	118.45		1			1	1
P27	10	11	11	15.5	9.2261	3	25	134.73	119	118.73		1			1	1
