subject	setting	dt_years	baseline_lesions	candidates	per_lesion	lesion_voxels	seconds
P1	default	0.5	18	77	4.277777777777778	20675	96
P1	default	1.0	18	21	1.1666666666666667	20675	96
P1	default	2.0	18	0	0.0	20675	97
P1	smooth	0.5	18	28	1.5555555555555556	20675	97
P1	smooth	1.0	18	1	0.05555555555555555	20675	97
P1	smooth	2.0	18	0	0.0	20675	97
P1	coarse	0.5	18	41	2.2777777777777777	20675	28
P1	coarse	1.0	18	4	0.2222222222222222	20675	29
P1	coarse	2.0	18	0	0.0	20675	29
P2	default	0.5	15	17	1.1333333333333333	2261	103
P2	default	1.0	15	18	1.2	2261	103
P2	default	2.0	15	2	0.13333333333333333	2261	104
P2	smooth	0.5	15	12	0.8	2261	99
P2	smooth	1.0	15	1	0.06666666666666667	2261	100
P2	smooth	2.0	15	0	0.0	2261	100
P2	coarse	0.5	15	13	0.8666666666666667	2261	28
P2	coarse	1.0	15	2	0.13333333333333333	2261	28
P2	coarse	2.0	15	0	0.0	2261	29
P3	default	0.5	41	24	0.5853658536585366	2979	100
P3	default	1.0	41	15	0.36585365853658536	2979	100
P3	default	2.0	41	0	0.0	2979	101
P3	smooth	0.5	41	11	0.2682926829268293	2979	109
P3	smooth	1.0	41	3	0.07317073170731707	2979	109
P3	smooth	2.0	41	0	0.0	2979	110
P3	coarse	0.5	41	16	0.3902439024390244	2979	38
P3	coarse	1.0	41	11	0.2682926829268293	2979	39
P3	coarse	2.0	41	0	0.0	2979	39
P4	default	0.5	19	149	7.842105263157895	34984	131
P4	default	1.0	19	135	7.105263157894737	34984	132
P4	default	2.0	19	4	0.21052631578947367	34984	132
P4	smooth	0.5	19	100	5.2631578947368425	34984	113
P4	smooth	1.0	19	12	0.631578947368421	34984	114
P4	smooth	2.0	19	0	0.0	34984	114
P4	coarse	0.5	19	115	6.052631578947368	34984	30
P4	coarse	1.0	19	12	0.631578947368421	34984	31
P4	coarse	2.0	19	0	0.0	34984	31
P5	default	0.5	22	22	1.0	4036	120
P5	default	1.0	22	11	0.5	4036	121
P5	default	2.0	22	0	0.0	4036	121
P5	smooth	0.5	22	10	0.45454545454545453	4037	201
P5	smooth	1.0	22	2	0.09090909090909091	4037	202
P5	smooth	2.0	22	0	0.0	4037	202
P5	coarse	0.5	22	13	0.5909090909090909	4036	68
P5	coarse	1.0	22	1	0.045454545454545456	4036	68
P5	coarse	2.0	22	0	0.0	4036	69
P6	default	0.5	33	77	2.3333333333333335	13060	249
P6	default	1.0	33	54	1.6363636363636365	13060	249
P6	default	2.0	33	2	0.06060606060606061	13060	250
P6	smooth	0.5	33	43	1.303030303030303	13062	214
P6	smooth	1.0	33	3	0.09090909090909091	13062	215
P6	smooth	2.0	33	0	0.0	13062	215
P6	coarse	0.5	33	61	1.8484848484848484	13062	48
P6	coarse	1.0	33	16	0.48484848484848486	13062	48
P6	coarse	2.0	33	0	0.0	13062	49
P7	default	0.5	21	120	5.714285714285714	27990	192
P7	default	1.0	21	74	3.5238095238095237	27990	192
P7	default	2.0	21	1	0.047619047619047616	27990	193
P7	smooth	0.5	21	70	3.3333333333333335	27993	227
P7	smooth	1.0	21	9	0.42857142857142855	27993	228
P7	smooth	2.0	21	0	0.0	27993	228
P7	coarse	0.5	21	82	3.9047619047619047	27991	68
P7	coarse	1.0	21	12	0.5714285714285714	27991	68
P7	coarse	2.0	21	0	0.0	27991	69
P8	default	0.5	17	12	0.7058823529411765	2063	271
P8	default	1.0	17	7	0.4117647058823529	2063	272
P8	default	2.0	17	0	0.0	2063	272
P8	smooth	0.5	17	6	0.35294117647058826	2063	283
P8	smooth	1.0	17	3	0.17647058823529413	2063	285
P8	smooth	2.0	17	0	0.0	2063	285
P8	coarse	0.5	17	17	1.0	2063	74
P8	coarse	1.0	17	9	0.5294117647058824	2063	75
P8	coarse	2.0	17	0	0.0	2063	75
P9	default	0.5	14	27	1.9285714285714286	3293	285
P9	default	1.0	14	18	1.2857142857142858	3293	286
P9	default	2.0	14	0	0.0	3293	286
P9	smooth	0.5	14	13	0.9285714285714286	3293	315
P9	smooth	1.0	14	2	0.14285714285714285	3293	316
P9	smooth	2.0	14	0	0.0	3293	317
P9	coarse	0.5	14	13	0.9285714285714286	3293	99
P9	coarse	1.0	14	10	0.7142857142857143	3293	100
P9	coarse	2.0	14	0	0.0	3293	100
P10	default	0.5	34	24	0.7058823529411765	3001	318
P10	default	1.0	34	14	0.4117647058823529	3001	319
P10	default	2.0	34	0	0.0	3001	319
P10	smooth	0.5	34	13	0.38235294117647056	3001	267
P10	smooth	1.0	34	2	0.058823529411764705	3001	267
P10	smooth	2.0	34	0	0.0	3001	268
P10	coarse	0.5	34	2	0.058823529411764705	3001	43
P10	coarse	1.0	34	1	0.029411764705882353	3001	44
P10	coarse	2.0	34	0	0.0	3001	44
P11	default	0.5	14	24	1.7142857142857142	4341	162
P11	default	1.0	14	10	0.7142857142857143	4341	162
P11	default	2.0	14	0	0.0	4341	162
P11	smooth	0.5	14	6	0.42857142857142855	4341	135
P11	smooth	1.0	14	0	0.0	4341	135
P11	smooth	2.0	14	0	0.0	4341	135
P11	coarse	0.5	14	13	0.9285714285714286	4341	37
P11	coarse	1.0	14	0	0.0	4341	37
P11	coarse	2.0	14	0	0.0	4341	37
P12	default	0.5	32	121	3.78125	29547	141
P12	default	1.0	32	104	3.25	29547	141
P12	default	2.0	32	15	0.46875	29547	142
P12	smooth	0.5	32	96	3.0	29547	161
P12	smooth	1.0	32	37	1.15625	29547	161
P12	smooth	2.0	32	0	0.0	29547	162
P12	coarse	0.5	32	149	4.65625	29547	41
P12	coarse	1.0	32	42	1.3125	29547	42
P12	coarse	2.0	32	0	0.0	29547	42
P13	default	0.5	38	63	1.6578947368421053	9677	152
P13	default	1.0	38	47	1.236842105263158	9677	153
P13	default	2.0	38	3	0.07894736842105263	9677	153
P13	smooth	0.5	38	43	1.131578947368421	9677	135
P13	smooth	1.0	38	7	0.18421052631578946	9677	136
P13	smooth	2.0	38	0	0.0	9677	136
P13	coarse	0.5	38	29	0.7631578947368421	9677	34
P13	coarse	1.0	38	11	0.2894736842105263	9677	35
P13	coarse	2.0	38	0	0.0	9677	35
P14	default	0.5	16	77	4.8125	24800	100
P14	default	1.0	16	19	1.1875	24800	100
P14	default	2.0	16	0	0.0	24800	100
P14	smooth	0.5	16	27	1.6875	24799	103
P14	smooth	1.0	16	3	0.1875	24799	103
P14	smooth	2.0	16	0	0.0	24799	103
P14	coarse	0.5	16	30	1.875	24797	27
P14	coarse	1.0	16	6	0.375	24797	28
P14	coarse	2.0	16	0	0.0	24797	28
P19	default	0.5	60	106	1.7666666666666666	18584	95
P19	default	1.0	60	73	1.2166666666666666	18584	96
P19	default	2.0	60	6	0.1	18584	96
P19	smooth	0.5	59	56	0.9491525423728814	18588	95
P19	smooth	1.0	59	13	0.22033898305084745	18588	95
P19	smooth	2.0	59	0	0.0	18588	96
P19	coarse	0.5	59	60	1.0169491525423728	18588	28
P19	coarse	1.0	59	19	0.3220338983050847	18588	28
P19	coarse	2.0	59	0	0.0	18588	28
P20	default	0.5	8	7	0.875	744	95
P20	default	1.0	8	1	0.125	744	96
P20	default	2.0	8	0	0.0	744	96
P20	smooth	0.5	8	1	0.125	744	94
P20	smooth	1.0	8	3	0.375	744	95
P20	smooth	2.0	8	0	0.0	744	95
P20	coarse	0.5	8	4	0.5	744	27
P20	coarse	1.0	8	2	0.25	744	28
P20	coarse	2.0	8	0	0.0	744	28
P22	default	0.5	21	27	1.2857142857142858	3119	95
P22	default	1.0	21	8	0.38095238095238093	3119	96
P22	default	2.0	21	0	0.0	3119	96
P22	smooth	0.5	21	10	0.47619047619047616	3119	97
P22	smooth	1.0	21	0	0.0	3119	97
P22	smooth	2.0	21	0	0.0	3119	97
P22	coarse	0.5	21	12	0.5714285714285714	3119	28
P22	coarse	1.0	21	0	0.0	3119	28
P22	coarse	2.0	21	0	0.0	3119	28
P28	default	0.5	8	4	0.5	822	95
P28	default	1.0	8	0	0.0	822	95
P28	default	2.0	8	0	0.0	822	96
P28	smooth	0.5	8	1	0.125	822	94
P28	smooth	1.0	8	0	0.0	822	94
P28	smooth	2.0	8	0	0.0	822	95
P28	coarse	0.5	8	1	0.125	822	28
P28	coarse	1.0	8	0	0.0	822	28
P28	coarse	2.0	8	0	0.0	822	28
P31	default	0.5	28	36	1.2857142857142858	4293	95
P31	default	1.0	28	21	0.75	4293	96
P31	default	2.0	28	0	0.0	4293	96
P31	smooth	0.5	28	14	0.5	4292	95
P31	smooth	1.0	28	0	0.0	4292	95
P31	smooth	2.0	28	0	0.0	4292	96
P31	coarse	0.5	28	24	0.8571428571428571	4291	27
P31	coarse	1.0	28	0	0.0	4291	28
P31	coarse	2.0	28	0	0.0	4291	28
P33	default	0.5	41	69	1.6829268292682926	10631	94
P33	default	1.0	41	44	1.0731707317073171	10631	95
P33	default	2.0	41	0	0.0	10631	95
P33	smooth	0.5	41	32	0.7804878048780488	10630	94
P33	smooth	1.0	41	3	0.07317073170731707	10630	95
P33	smooth	2.0	41	0	0.0	10630	95
P33	coarse	0.5	41	45	1.0975609756097562	10630	27
P33	coarse	1.0	41	6	0.14634146341463414	10630	28
P33	coarse	2.0	41	0	0.0	10630	28
P50	default	0.5	47	82	1.7446808510638299	9146	95
P50	default	1.0	47	50	1.0638297872340425	9146	96
P50	default	2.0	47	5	0.10638297872340426	9146	96
P50	smooth	0.5	47	49	1.0425531914893618	9146	95
P50	smooth	1.0	47	11	0.23404255319148937	9146	96
P50	smooth	2.0	47	0	0.0	9146	96
P50	coarse	0.5	47	50	1.0638297872340425	9144	27
P50	coarse	1.0	47	23	0.48936170212765956	9144	28
P50	coarse	2.0	47	0	0.0	9144	28
P51	default	0.5	43	108	2.511627906976744	13287	95
P51	default	1.0	43	74	1.7209302325581395	13287	95
P51	default	2.0	43	2	0.046511627906976744	13287	96
P51	smooth	0.5	43	45	1.0465116279069768	13291	95
P51	smooth	1.0	43	10	0.23255813953488372	13291	95
P51	smooth	2.0	43	0	0.0	13291	96
P51	coarse	0.5	43	36	0.8372093023255814	13289	28
P51	coarse	1.0	43	10	0.23255813953488372	13289	28
P51	coarse	2.0	43	0	0.0	13289	28
P52	default	0.5	26	27	1.0384615384615385	3306	95
P52	default	1.0	26	26	1.0	3306	95
P52	default	2.0	26	1	0.038461538461538464	3306	96
P52	smooth	0.5	26	18	0.6923076923076923	3306	94
P52	smooth	1.0	26	7	0.2692307692307692	3306	95
P52	smooth	2.0	26	0	0.0	3306	95
P52	coarse	0.5	26	17	0.6538461538461539	3304	27
P52	coarse	1.0	26	1	0.038461538461538464	3304	28
P52	coarse	2.0	26	0	0.0	3304	28
P53	default	0.5	22	25	1.1363636363636365	4114	96
P53	default	1.0	22	28	1.2727272727272727	4114	96
P53	default	2.0	22	3	0.13636363636363635	4114	97
P53	smooth	0.5	22	31	1.4090909090909092	4114	94
P53	smooth	1.0	22	6	0.2727272727272727	4114	95
P53	smooth	2.0	22	0	0.0	4114	95
P53	coarse	0.5	22	17	0.7727272727272727	4114	28
P53	coarse	1.0	22	0	0.0	4114	28
P53	coarse	2.0	22	0	0.0	4114	28
