subject	setting	sensitivity	false_positive_rate	recovery_fraction	seconds
P1	default	1.0	0.6	1.1881276782750063	166
P1	smooth	1.0	0.5	1.0254900900090924	136
P1	coarse	0.875	0.1	0.7131370880173248	45
P2	default	1.0	0.8571428571428571	1.2038041717638133	135
P2	smooth	1.0	0.42857142857142855	0.966802326721808	119
P2	coarse	0.875	0.14285714285714285	0.7110316465412666	42
P3	default	1.0	0.21212121212121213	1.073459162476959	269
P3	smooth	1.0	0.06060606060606061	0.8390185726928617	164
P3	coarse	0.75	0.030303030303030304	0.5422323998771338	46
P4	default	1.0	0.6363636363636364	1.1720392903826933	301
P4	smooth	1.0	0.18181818181818182	0.82909058538802	180
P4	coarse	1.0	0.0	0.5715519102605763	76
P5	default	1.0	0.5	1.131641479981953	168
P5	smooth	1.0	0.42857142857142855	0.8816186583990473	176
P5	coarse	1.0	0.07142857142857142	0.614215427973587	56
P6	default	1.0	0.52	1.1245835737297427	337
P6	smooth	1.0	0.16	0.7166467648977036	342
P6	coarse	1.0	0.08	0.497647384501226	131
P7	default	1.0	0.6153846153846154	1.0444882422772808	448
P7	smooth	1.0	0.23076923076923078	0.7104763866831953	266
P7	coarse	0.875	0.07692307692307693	0.4218398568808114	66
P8	default	1.0	0.5555555555555556	1.2389924005422435	135
P8	smooth	1.0	0.2222222222222222	0.9323448888807455	145
P8	coarse	0.75	0.1111111111111111	0.625652931331752	46
P9	default	1.0	0.5	1.1603160319565056	122
P9	smooth	1.0	0.16666666666666666	0.9018816848771865	124
P9	coarse	0.875	0.16666666666666666	0.7514853407143672	45
P10	default	1.0	0.5384615384615384	1.322671321099181	132
P10	smooth	1.0	0.15384615384615385	1.0588468624007945	115
P10	coarse	0.875	0.038461538461538464	0.5303667362784027	47
P11	default	1.0	0.5	1.1151412677478358	122
P11	smooth	1.0	0.5	0.9379467310720314	110
P11	coarse	1.0	0.0	0.7187870571735109	41
P12	default	1.0	0.25	0.9149736161767399	189
P12	smooth	0.875	0.08333333333333333	0.6382979556267838	139
P12	coarse	0.875	0.125	0.5414047247447654	70
P13	default	1.0	0.7333333333333333	1.1313992528449384	187
P13	smooth	1.0	0.4	0.8165407853308735	152
P13	coarse	1.0	0.06666666666666667	0.6185778012813082	50
P14	default	1.0	0.5	0.8910637473545848	148
P14	smooth	1.0	0.25	0.7556190110118297	119
P14	coarse	1.0	0.0	0.6019293134790646	43
P17	default	1.0	0.3333333333333333	1.2799672701275173	111
P17	smooth	1.0	0.3333333333333333	0.8998870810334305	110
P17	coarse	1.0	0.0	0.5088037248927139	45
P19	default	1.0	0.39215686274509803	1.2531273997530725	204
P19	smooth	1.0	0.19607843137254902	0.8572806005147136	144
P19	coarse	1.0	0.0392156862745098	0.570006485170896	52
P20	default	1.0		1.2712659832066169	106
P20	smooth	1.0		0.9825765086157855	105
P20	coarse	1.0		0.7069651511002945	39
P21	default	1.0	0.8	1.092114264130988	117
P21	smooth	1.0	0.8	0.8324082829624391	114
P21	coarse	0.875	0.0	0.6478288654215549	42
P22	default	1.0	0.46153846153846156	1.1020792838739086	134
P22	smooth	1.0	0.3076923076923077	0.8518328175711884	116
P22	coarse	1.0	0.07692307692307693	0.5420288962589876	42
P23	default	1.0	0.16666666666666666	0.9030729772325115	116
P23	smooth	1.0	0.0	0.7381498211736004	111
P23	coarse	1.0	0.0	0.6648463194313017	50
P24	default	1.0	0.46938775510204084	1.2102799307344918	177
P24	smooth	1.0	0.20408163265306123	0.9358355044799128	127
P24	coarse	1.0	0.02040816326530612	0.5874292026954797	47
P26	default	1.0	0.2	1.0331644362974532	118
P26	smooth	1.0	0.05714285714285714	0.8370830424053006	111
P26	coarse	1.0	0.0	0.5687035146531273	44
P27	default	1.0	0.47058823529411764	1.0335924860676702	120
P27	smooth	0.875	0.058823529411764705	0.724723882975647	109
P27	coarse	0.625	0.0	0.4345498768291373	37
P28	default	1.0		0.9801815040491424	107
P28	smooth	1.0		0.7619962534285726	106
P28	coarse	0.875		0.6143378817422924	41
P29	default	1.0	0.2222222222222222	1.0579345870399695	114
P29	smooth	1.0	0.16666666666666666	0.8330508832985071	111
P29	coarse	0.875	0.0	0.4243244831168815	42
